API,Tfu,Tfob,Tfb,Tfc,Klr,Kl,Kll,Klz,Kfh
4900705010,,,,,2294.3,2294.3,2569.6,3085.4,3917.7
4900705018,973.9,1226.3,1295.5,1569.4,2310.3,2310.3,2696.6,3289.7,3800.6
4900705023,1891.7,2257.6,2368.2,2506.6,3307.5,3307.5,3945.5,,4860.1
4900705050,2287.6,2681.5,2732.2,2923.5,3652.1,3652.1,4125.9,4494.2,5340.9
4900705051,741.0,1275.6,1326.3,1478.2,2243.6,2243.6,2738.6,3340.8,4246.8
4900705057,1087.4,1528.9,1605.1,1745.8,2598.2,2598.2,3011.8,3574.6,4343.0
4900705077,1988.9,2752.4,,2829.5,3831.4,3831.4,4533.6,5213.0,5872.4
4900705277,,730.5,,1572.8,3590.3,3590.3,4292.4,5669.9,
4900706922,650.9,,961.5,1301.7,1982.4,1982.4,2336.2,3027.0,3544.3
4900720003,,,,,,,,5454.4,6311.2
4900720017,405.0,779.2,873.3,1147.1,1889.2,1889.2,2148.7,2778.5,3316.4
4900720039,518.3,812.2,856.5,1227.2,1898.7,1898.7,2196.2,2822.8,3363.8
4900720050,1388.7,1525.8,1657.5,1946.5,2686.5,2686.5,3052.2,3568.5,4278.5
4900720051,2222.0,2668.1,2726.2,2814.7,3609.4,3609.4,4099.0,4669.9,5134.0
4900720052,1289.2,1677.2,1729.8,1887.5,2633.3,2633.3,3306.0,,4199.7
4900720056,917.5,,,2013.6,,,,,
4900720067,536.9,758.9,806.0,1187.8,1863.1,1863.1,2228.8,2960.0,3553.8
4900720081,697.0,1021.4,1178.5,1467.5,2151.9,2151.9,2401.9,2778.5,3648.7
4900720094,4593.2,5283.6,5445.6,5557.2,6474.9,6474.9,6992.4,7369.8,8161.7
4900720101,1444.6,1584.7,1796.9,2126.4,2740.6,2740.6,3123.9,3639.5,4398.7
4900720122,1813.8,2287.6,2358.5,2448.5,3295.3,3295.3,3863.3,4345.0,5116.4
4900720125,1955.1,2713.6,,2795.7,3952.4,3952.4,4686.3,5123.2,5729.7
4900720129,2736.5,3117.4,3206.4,3389.3,4199.5,4199.5,4661.0,5082.6,5748.0
4900720131,3161.2,,3632.2,3745.7,4856.5,4856.5,5200.2,,6123.0
4900720136,1213.3,1427.0,1493.3,1742.2,2473.6,2473.6,2771.4,,3589.3
4900720142,1369.9,1488.6,1575.0,1880.9,2695.0,2695.0,2995.7,3411.5,4148.7
4900720222,1605.4,2478.9,,2598.8,3809.9,3809.9,4502.7,5136.4,5807.2
4900720228,2163.7,2886.6,,2966.0,4093.9,4093.9,4754.4,5279.8,5935.5
4900720263,,1337.0,1462.4,1807.1,2409.1,2409.1,2673.6,3317.9,4142.4
4900720268,4896.2,5491.9,5600.0,5714.4,6646.8,6646.8,7102.8,7566.5,8109.2
4900720285,5166.9,5738.6,5850.2,5942.8,6798.5,6798.5,7414.9,7868.3,8566.4
4900720308,2074.0,,2618.4,2739.6,3620.8,3620.8,4113.0,,4924.1
4900720314,2216.6,2699.4,2751.2,2832.8,3722.0,3722.0,4277.4,4858.9,5457.1
4900720319,3720.5,4302.7,4444.9,4507.5,5417.1,5417.1,5858.2,6342.9,7144.7
4900720352,1274.8,1800.8,1848.8,1952.9,2780.0,2780.0,3286.5,3776.1,4645.5
4900720405,1518.2,1994.4,2097.9,2216.1,3023.4,3023.4,3482.3,4097.7,4781.2
4900720421,,1616.6,,2204.8,3821.4,3821.4,4635.8,5643.6,6655.5
4900720425,392.7,971.7,,1902.3,3249.0,3249.0,4169.6,5184.9,6159.0
4900720441,650.0,1752.3,,2291.9,3989.6,3989.6,4714.5,5779.8,6558.6
4900720443,1089.9,1633.5,1680.8,1844.0,2592.3,2592.3,3111.1,3561.3,4435.6
4900720451,1554.4,2212.7,,2778.6,3972.5,3972.5,4845.2,5451.1,6388.9
4900720452,1719.6,2444.4,,2975.6,4111.7,4111.7,4988.0,5601.7,6449.5
4900720482,2190.4,2779.3,,2819.6,3917.7,3917.7,4589.7,5079.2,5718.6
4900720483,2747.9,3384.5,,3460.4,4565.2,4565.2,5191.6,5734.9,6300.1
4900720495,2042.2,3031.2,,3247.2,4352.0,4352.0,5121.1,5809.2,6582.8
4900720504,1222.6,1768.8,,2436.5,3594.7,3594.7,4445.5,5418.8,6071.9
4900720512,,1191.4,,1354.6,2339.4,2339.4,2685.5,3163.9,4148.7
4900720514,1153.6,1636.8,1707.9,1885.2,2664.4,2664.4,3172.5,3672.1,4425.5
4900720521,1328.8,2019.2,,2617.7,3759.5,3759.5,4632.9,5330.3,6385.5
4900720538,4498.3,5076.2,5132.6,5227.5,6138.1,6138.1,6792.7,7342.8,8032.9
4900720541,,1661.2,,2163.4,3460.8,3460.8,4354.3,5210.6,6095.5
4900720560,1580.2,2019.2,2081.1,2199.3,3012.3,3012.3,3540.7,4046.2,4759.9
4900720578,3987.5,4395.9,4487.5,4642.7,5567.9,5567.9,6001.4,6623.8,7097.4
4900720594,3103.4,4085.3,4157.3,4158.3,5214.7,5214.7,5798.8,6552.5,7129.4
4900720644,2257.0,2676.3,2760.7,2901.4,3711.6,3711.6,4114.2,4693.8,5439.5
4900720673,,,,,,,,,6003.7
4900720675,,,,2532.1,3730.7,3730.7,4567.8,5344.0,6199.8
4900720697,2935.6,3253.4,3431.9,3592.6,4394.7,4394.7,4784.9,5280.7,5921.8
4900720700,4345.2,4767.5,4993.1,5119.2,5863.5,5863.5,6321.3,,7441.6
4900720731,2392.2,2840.2,2879.0,3005.6,3812.9,3812.9,4188.6,4697.8,5480.6
4900720734,1599.1,2431.0,,3081.8,4273.1,4273.1,4903.0,5651.5,6536.3
4900720738,3228.2,3752.4,3844.6,3988.1,4778.6,4778.6,5142.0,5757.6,6422.3
4900720740,,1765.1,,2326.6,3468.4,3468.4,4367.8,5403.0,6235.3
4900720780,1975.2,2302.6,2402.9,2642.1,3373.5,3373.5,3671.5,,4872.2
4900720795,2585.6,2967.0,3033.0,3159.7,4002.9,4002.9,4391.3,5120.9,5751.2
4900720811,2494.3,2990.4,3059.9,3139.2,4114.2,4114.2,4791.4,5132.5,5891.0
4900720983,,4980.4,5211.9,5290.9,6129.6,6129.6,6797.7,7568.2,8028.8
4900720986,2096.3,2646.6,2684.9,2766.5,3649.2,3649.2,4222.2,4800.8,5479.4
4900720996,2107.6,2535.0,2629.5,2781.4,3597.2,3597.2,3977.8,4457.0,5308.5
4900720997,2351.8,2914.8,2952.8,2972.6,4016.2,4016.2,4641.0,5199.8,5861.1
4900721029,,609.2,,1511.2,2774.2,2774.2,3758.2,4832.7,
4900721148,5298.9,6016.0,6045.1,6145.9,7196.5,7196.5,7672.2,8120.4,8796.6
4900721161,3566.5,4002.2,4126.5,4374.1,5093.1,5093.1,5565.8,6123.8,6708.8
4900721226,1587.0,2507.3,,2544.6,3675.1,3675.1,4581.7,5130.2,5674.9
4900721232,5090.7,5753.5,5812.3,5915.8,6956.0,6956.0,7398.6,7807.7,8520.3
4900721249,1104.2,2019.3,,2795.7,3982.7,3982.7,4805.4,5589.9,6494.6
4900721303,2531.3,3141.6,,3181.7,4224.4,4224.4,4915.2,5394.7,5982.8
4900721306,762.8,1286.0,1390.1,1536.6,2299.0,2299.0,2754.8,3340.1,4131.0
4900721375,,,,1970.4,3754.0,3754.0,4350.3,5507.6,6661.0
4900721379,928.0,1949.7,,2442.2,3795.1,3795.1,4678.3,5561.8,6477.9
4900721406,3919.5,4397.3,4576.7,4771.1,5510.4,5510.4,5986.5,6599.6,7078.0
4900721407,3388.0,3838.0,3997.4,4261.9,5032.7,5032.7,5395.1,5920.8,6599.8
4900721409,4091.2,4508.4,4638.0,4881.7,5626.2,5626.2,6098.8,6698.9,7185.9
4900721423,817.0,1301.0,1371.3,1545.8,2347.5,2347.5,2853.7,3383.3,4131.7
4900721527,1916.0,,,,,,,,
4900721609,461.9,1462.0,,2170.5,3977.1,3977.1,4773.3,5878.5,6872.6
4900721625,,1477.5,,2039.3,3351.9,3351.9,4222.7,5263.7,6144.1
4900721713,3842.9,4470.4,4574.6,4726.9,5540.5,5540.5,5982.9,6536.2,7161.3
4900721743,3307.1,4260.1,4396.4,4480.8,5479.7,5479.7,6128.3,6743.8,7346.7
4900721754,4972.5,5927.9,5993.7,6070.0,6925.5,6925.5,7440.9,7929.9,8674.5
4900721776,4427.2,5316.4,5516.7,5557.3,6249.0,6249.0,6954.3,7545.5,8262.6
4900721799,2053.9,,2591.0,2643.8,,,,,4940.4
4900721808,4131.2,5259.4,5497.4,5555.4,6204.4,6204.4,6801.4,7398.5,8146.7
4900721862,2349.2,3105.9,,3651.9,4694.9,4694.9,5553.0,6155.8,6991.6
4900721966,1351.8,,1819.3,2013.0,,,,,
4900721973,,,,,6834.4,6834.4,7442.2,,8773.6
4900721974,274.5,1029.9,,1798.2,3818.5,3818.5,4558.2,5819.7,6755.2
4900721975,1016.0,,1440.7,1591.0,,,,,
4900722027,,1724.4,,2202.9,3399.0,3399.0,4109.2,4846.9,5637.9
4900722133,462.0,1125.6,,2012.8,3776.9,3776.9,4353.1,5503.9,6863.9
4900722240,2558.4,3179.2,3230.6,3307.5,4178.3,4178.3,4856.8,5220.7,6032.9
4900722241,3255.6,3982.0,4020.0,4120.3,5093.4,5093.4,5656.9,6245.5,6828.2
4900722275,1357.0,2238.6,,2346.8,3484.8,3484.8,4350.4,4876.5,5577.9
4900722279,4385.7,4956.9,5031.1,5117.7,5953.4,5953.4,6252.2,6846.6,7608.7
4900722283,3441.6,3800.2,4007.9,4156.3,4971.1,4971.1,5383.5,5801.4,6552.1
4900722319,801.2,1836.2,,2487.9,4225.4,4225.4,5144.1,5972.2,6901.5
4900722332,,6116.7,6257.1,6360.5,7168.4,7168.4,7773.8,8206.0,8910.6
4900722337,2809.2,3291.7,3358.0,3521.2,4366.5,4366.5,4741.8,5398.4,6090.8
4900722343,3422.8,4098.2,4182.6,4242.5,5223.0,5223.0,5875.9,6442.8,7067.6
4900722346,,1843.1,,2178.7,3410.2,3410.2,4343.6,4980.9,5805.5
4900722350,,1978.1,,2390.9,3495.9,3495.9,4332.0,4969.2,5657.4
4900722360,788.0,1714.1,,2431.1,4183.3,4183.3,5035.9,5945.7,7014.3
4900722364,518.9,1574.1,,2271.5,3995.1,3995.1,4847.2,5784.8,6910.1
4900722388,3059.4,3440.2,3605.3,3765.7,4575.9,4575.9,4992.8,5461.2,6088.7
4900722389,,,1072.9,1300.9,2116.7,2116.7,2602.6,3123.1,3878.4
4900722392,1771.5,2748.8,,2860.3,3992.3,3992.3,4729.2,5231.5,5938.8
4900722436,1917.6,2665.2,,3129.0,4253.4,4253.4,4885.6,5871.0,6498.8
4900722453,1882.9,2293.7,2383.8,2589.2,3312.1,3312.1,3664.3,4209.8,4852.8
4900722454,2941.2,3379.6,3478.1,3689.1,4409.2,4409.2,4801.9,5294.0,5887.0
4900722517,4802.2,5360.7,5450.7,5576.6,6306.7,6306.7,6754.9,7321.8,8072.5
4900722583,3374.7,3823.5,3985.3,4241.4,4978.4,4978.4,5338.8,5991.9,6466.3
4900722610,,2973.7,,3394.9,4447.9,4447.9,5275.2,,6663.5
4900722630,4275.4,4742.5,4920.9,5183.0,5818.4,5818.4,6274.9,6858.6,7429.5
4900722661,4503.2,5048.6,5154.9,5321.9,6008.0,6008.0,6462.9,7231.5,7768.5
4900722720,660.9,1596.5,,2211.2,4045.6,4045.6,4772.9,5813.1,6867.0
4900722740,888.9,1216.0,1387.5,1567.4,2369.4,2369.4,,,
4900722749,,3539.8,,3751.7,5002.3,5002.3,5560.5,,6825.2
4900722752,,,,,,,,,7235.5
4900722759,414.0,1366.0,,2140.9,4058.5,4058.5,4928.5,6377.0,7215.0
4900722773,2300.8,3060.2,,3680.2,4923.3,4923.3,5613.8,6398.2,7167.0
4900722796,774.8,1672.6,,2300.2,3939.5,3939.5,4689.0,5596.5,6574.3
4900722809,702.1,1220.5,1350.9,1680.4,2320.8,2320.8,2658.4,3181.8,4183.5
4900722860,798.5,1692.3,,2360.0,4040.9,4040.9,4805.4,5665.4,6680.0
4900722886,,1378.0,,1826.4,3681.5,3681.5,4500.1,5557.2,6803.6
4900722914,4986.6,5753.0,5779.5,5889.0,6937.3,6937.3,7355.0,7910.5,8469.4
4900722915,5063.3,5539.9,5697.0,5808.7,6756.8,6756.8,7254.8,7837.5,8396.9
4900722925,324.1,1244.3,,1963.9,3861.8,3861.8,4615.4,6030.4,6842.4
4900722947,2817.0,3424.9,3467.4,3534.2,4540.7,4540.7,5043.6,5608.7,6247.0
4900722976,3174.5,3667.9,3783.2,3966.1,4743.9,4743.9,5070.1,5701.3,6378.3
4900723012,,,,,,,,6319.7,7126.0
4900723052,1585.8,2258.2,,2743.4,4042.8,4042.8,4752.2,5587.6,6266.1
4900723065,3453.9,3881.1,4049.4,4326.0,5149.3,5149.3,5546.1,5995.0,6608.1
4900723250,2672.5,3044.8,3231.0,3538.7,4323.7,4323.7,4826.5,5399.5,6149.1
4900723255,4193.8,4711.5,4875.6,5018.0,5854.3,5854.3,6304.7,6989.2,7497.4
4900723297,,,,,5603.0,5603.0,6174.4,6693.2,7354.0
4900723389,,,,,,,,,6317.0
4900723392,3383.0,3936.2,3976.6,4070.5,5094.4,5094.4,5608.8,5911.5,6789.4
4900723394,1649.2,2332.9,,2958.2,4270.4,4270.4,5068.0,5913.8,6975.7
4900723406,,4529.9,4628.0,4720.1,5687.0,5687.0,6323.9,6689.8,7488.0
4900723409,,,,,5909.5,5909.5,6413.7,,7609.0
4900723424,,1731.2,,2208.8,3395.3,3395.3,4240.2,5197.8,5917.4
4900723438,,1916.9,,2579.1,,,,5771.1,6927.0
4900723445,2455.7,3067.2,,3113.5,4146.3,4146.3,4917.6,5495.1,5967.4
4900723534,2944.3,3657.2,3703.3,3790.0,4803.8,4803.8,5308.0,5863.4,6579.2
4900723633,2255.1,3323.6,3483.9,3544.1,4684.0,4684.0,5156.0,5702.0,6405.7
4900723742,3886.1,4424.3,4477.1,4556.2,5619.1,5619.1,6130.0,6650.3,7345.7
4900724075,,,3823.9,3920.1,,,,,6699.1
4900724177,366.3,1046.2,,1559.0,2998.9,2998.9,3535.4,4813.5,5279.0
4901305023,2840.3,,,3761.9,5550.5,5550.5,,,
4901305024,2975.6,,,3690.7,5239.0,5239.0,,,6802.4
4901305026,1895.0,,,,3254.0,3254.0,,,3970.3
4901308391,2543.1,3173.2,,3539.8,4784.9,4784.9,5100.4,,
4901320151,,,,,,,,,
4901321741,,,,,3371.3,3371.3,,,4106.1
4903705031,3166.2,,,3811.5,,,,,
4903705039,5562.0,,,6586.2,7222.7,7222.7,7764.5,,9303.5
4903705073,6014.4,,,6859.6,7826.7,7826.7,8422.6,,9175.5
4903705103,3092.1,,,,4161.3,4161.3,,,5059.1
4903705129,2041.9,,,,3000.4,3000.4,,,3856.2
4903705136,1755.9,,,,2828.9,2828.9,,,3738.2
4903705154,2033.8,,,,3022.8,3022.8,,,4004.6
4903705160,,,,,,,,,3742.0
4903705175,6882.9,8248.7,,8727.8,9976.4,10099.0,10247.1,10647.3,11296.4
4903705199,2594.0,3489.6,,3750.6,5083.0,5083.0,,,6235.3
4903705242,5526.5,6740.0,,7163.9,,,,,
4903705243,,,,,3603.4,3603.4,,4171.8,4647.1
4903705256,,,,,,,,,1762.8
4903705297,,,,,,,,,1089.7
4903705355,2811.4,4351.4,,4762.3,5697.6,5697.6,5977.6,6694.6,7376.5
4903705357,3026.9,4181.8,,4811.2,6000.7,6000.7,6347.0,7024.7,7620.2
4903705368,1318.5,2621.4,,2812.8,3633.1,3633.1,3988.2,4509.7,4942.3
4903705384,1289.6,,,2987.0,3809.1,3809.1,4166.3,4562.6,5104.9
4903705387,683.4,,,2005.7,2724.0,2724.0,,3314.3,4094.2
4903705420,1242.6,,,2842.3,3750.7,3750.7,4023.0,4602.3,5089.0
4903705435,458.0,1689.1,,1842.2,2480.3,2480.3,,3046.2,3828.8
4903705496,888.4,2176.9,,2301.0,3150.4,3150.4,3630.3,4078.7,4659.1
4903705549,611.4,1964.1,,2153.2,2950.7,2950.7,3167.6,3855.5,4397.8
4903705571,,1382.1,,1453.4,2242.0,2242.0,,3035.4,3780.1
4903705580,,,,,,,,,2862.9
4903705583,1212.5,2257.5,,2554.8,3850.2,3850.2,4482.5,5139.7,5881.2
4903705598,,,,888.5,1594.3,1594.3,,2056.1,2865.2
4903705604,,,,1862.5,2664.5,2664.5,3000.2,3356.4,4216.6
4903705614,,1814.1,,2567.6,3663.0,3663.0,4134.5,4586.0,6008.7
4903705650,,,,,2662.6,2662.6,,3262.6,4101.2
4903705652,424.4,1810.4,,1926.1,2775.3,2775.3,3060.1,3645.6,4354.4
4903705654,,,,,,,,1370.2,2278.5
4903705662,,,,1464.9,2204.1,2204.1,,3078.7,3858.6
4903705664,,1559.4,,1671.4,2446.6,2446.6,2751.7,3166.6,3902.8
4903705665,,1373.9,,1490.2,2266.5,2266.5,,3050.6,3734.2
4903705666,,,,1408.0,2103.9,2103.9,,2937.9,3750.3
4903705676,,,,1245.0,1950.8,1950.8,,2598.6,3500.0
4903705680,,531.9,,622.3,1283.4,1283.4,,1644.2,2484.2
4903705681,245.1,,,1132.0,1724.9,1724.9,,2275.0,2948.7
4903705691,,1212.7,,1338.6,2099.2,2099.2,,2892.4,3699.3
4903705692,,,,1101.3,1750.0,1750.0,,2411.4,3136.7
4903705698,,437.2,,533.5,1185.3,1185.3,,1519.0,2369.2
4903705699,,,,871.8,1487.3,1487.3,,1861.8,2799.9
4903705700,,,,660.9,1409.2,1409.2,,1715.6,2614.6
4903705701,,,,,453.2,453.2,,,1221.5
4903705713,,2477.4,,2979.4,4232.3,4232.3,4864.5,5619.4,6462.5
4903705723,,,,,353.8,353.8,,,1144.8
4903705736,,1329.5,,1571.7,2534.8,2534.8,,3177.2,4067.8
4903705740,,,,385.9,832.9,832.9,,,1439.9
4903705744,,,,,1632.9,1632.9,,2190.5,2892.6
4903705747,,,,486.0,1025.6,1025.6,,,1512.5
4903705748,,,,502.7,968.1,968.1,,,1783.4
4903705751,,,,662.2,1164.4,1164.4,,1649.0,2389.2
4903705758,,1830.0,,2168.2,3157.5,3157.5,3463.6,4263.4,5148.4
4903705759,,1115.7,,1235.8,1993.0,1993.0,,2573.3,3547.3
4903705771,588.1,2016.5,,2372.0,3510.1,3510.1,3835.7,4455.8,5398.7
4903705773,620.0,2038.2,,2477.5,3624.0,3624.0,3974.0,4708.4,5715.8
4903705776,,,,855.9,1404.9,1404.9,,1856.5,2613.7
4903705781,301.1,1359.2,,1557.0,2410.6,2410.6,,3044.1,4087.3
4903705782,,999.4,,1211.5,1961.6,1961.6,,2426.7,3415.7
4903705783,,1020.0,,1413.8,2259.8,2259.8,,2954.7,3846.9
4903705785,231.7,,,1115.0,1667.7,1667.7,,2088.0,2996.2
4903705788,,,,328.3,765.4,765.4,,814.7,1650.5
4903705794,,,,,,,,495.0,1197.0
4903705798,,,,797.2,1299.8,1299.8,,1836.0,2595.6
4903705801,,785.9,,826.1,1345.4,1345.4,,1960.8,2800.6
4903705804,,,,1528.4,2436.9,2436.9,,3231.1,4119.5
4903705806,,,,,623.7,623.7,,847.4,1693.0
4903705808,,,,,1093.6,1093.6,,1727.8,2433.5
4903705811,,,,1518.4,2348.5,2348.5,,3252.1,4178.5
4903705812,,,,1733.1,2582.8,2582.8,,2900.2,4406.6
4903705828,,2028.6,,2618.8,3966.3,3966.3,4466.8,4970.9,6477.8
4903705833,,,,1509.3,2268.3,2268.3,,2809.2,3994.6
4903705836,,1163.0,,1654.7,2472.8,2472.8,2534.9,3165.7,4301.4
4903705846,,839.1,,1160.0,1566.0,1566.0,1569.2,1912.2,2677.8
4903705851,,1835.8,,2422.6,3777.2,3777.2,4241.7,4671.5,5907.7
4903705863,,,,,4562.2,4562.2,5010.0,,7332.5
4903705865,650.4,1276.9,,1889.8,2527.8,2527.8,,3290.7,4628.0
4903705868,417.9,1073.3,,1501.3,2114.1,2114.1,,2870.5,3577.0
4903705871,395.9,,,1082.2,1334.7,1334.7,,1531.2,2292.9
4903705877,,,,,,,,,8039.7
4903705879,310.9,,,889.2,1084.0,1084.0,,1234.2,2024.9
4903705894,1278.5,,,,,,,,
4903705895,1462.8,2969.1,,3858.9,5922.1,5922.1,6634.5,7735.4,
4903705910,1811.1,3726.0,,4223.7,,,,,
4903705918,318.7,1590.7,,2196.0,2818.8,2818.8,,3172.7,4402.9
4903705924,,2790.5,,3515.3,4948.8,4948.8,,5958.9,
4903705930,533.6,1874.0,,2387.0,2992.0,2992.0,,3338.6,4486.1
4903705934,3433.2,5359.3,,5971.8,,,,,
4903705939,3548.1,,,,,,,,
4903705953,3651.1,,,,,,,,
4903705960,3377.1,,,,4789.5,4789.5,5104.3,,6692.8
4903705963,2209.4,,,,4969.8,4969.8,,,6009.1
4903705966,2564.0,,,,4875.0,4875.0,,,6351.0
4903706246,,,,,4436.3,,,,
4903706363,,,,,,,,,5268.4
4903706364,,,,,,,,,736.5
4903706371,3262.8,4452.5,,4949.3,,,,,
4903706374,1707.0,,,,,,,,
4903706376,,,,1499.5,2174.0,2174.0,2247.3,2808.2,3997.6
4903706380,1949.5,,,,,,,,
4903706386,5125.9,,,5965.9,6898.7,6898.7,7498.3,,
4903706397,2763.0,,,,5286.3,5286.3,,,8478.0
4903706398,3098.7,,,,,,,,
4903706401,,,,,,,,2922.0,3662.1
4903706419,5773.6,6244.3,,6696.2,7637.5,7637.5,7924.3,8225.2,8881.7
4903706461,3547.4,5925.1,,6503.1,8424.0,8424.0,,,
4903707015,,,,744.6,1272.0,1272.0,,1530.9,2388.7
4903720004,,,,,,,,,6629.7
4903720005,1255.4,2925.6,,3790.2,5197.5,5197.5,,5881.1,6693.5
4903720010,3893.2,4261.8,4355.8,4463.7,,,,,
4903720035,5976.8,,,6844.6,7789.1,7789.1,,,
4903720047,,,,1224.1,1880.6,1880.6,,2348.1,3300.6
4903720052,541.4,,,1931.7,2512.6,2512.6,2638.8,3209.7,4546.5
4903720064,1158.4,3021.0,,3818.0,4920.9,4920.9,5027.6,6129.1,7467.8
4903720076,,,,,657.6,657.6,,1274.2,1861.5
4903720080,498.5,1386.2,,1966.2,2716.1,2716.1,2860.8,3544.2,4859.6
4903720097,,1462.8,,1615.9,2298.9,2298.9,,3057.1,3758.4
4903720105,,964.8,,988.7,1445.8,1445.8,,1985.9,2775.2
4903720110,2404.9,,,,,,,,
4903720111,3120.3,,,,,,,,
4903720112,3351.8,,,,,,,,
4903720159,,1384.0,,1733.9,2710.2,2710.2,2800.5,3507.1,4656.7
4903720172,,,,1859.5,2525.3,2525.3,2680.4,,4519.0
4903720174,,,,950.1,1547.5,1547.5,,,2851.3
4903720176,410.4,1163.3,,1294.4,1921.2,1921.2,,2583.4,3299.4
4903720184,1955.7,3914.5,,4559.4,,,,,
4903720193,1231.3,2948.5,,3766.2,5103.8,5103.8,,5874.4,7061.5
4903720194,,,,1041.8,1708.4,1708.4,,2225.2,3053.8
4903720198,,,,,5017.0,5017.0,,5693.8,6196.1
4903720201,570.0,2219.5,,2794.4,4105.4,4105.4,4574.6,5510.3,6347.5
4903720203,,2037.9,,2531.7,3863.0,3863.0,4426.0,5062.0,6332.3
4903720205,641.1,1753.6,,2474.5,3780.0,3780.0,4165.0,4720.8,5964.0
4903720206,728.0,2189.4,,2803.6,4397.4,4397.4,4939.3,5602.4,6994.2
4903720215,,1457.1,,2188.5,3128.0,3128.0,3702.4,4283.4,5087.0
4903720217,,,,1164.7,1880.8,1880.8,,2529.0,3344.9
4903720226,994.2,,,2142.9,2668.6,2668.6,,2914.5,3479.3
4903720232,,,,863.9,1362.0,1362.0,,1901.9,2640.0
4903720242,,,,1443.9,2204.0,2204.0,,2715.6,3806.6
4903720261,2183.7,,,3398.7,3829.3,3829.3,,4082.3,4585.4
4903720275,2986.8,,,4091.6,4664.1,4664.1,,4851.2,5420.9
4903720281,1190.0,2456.9,,3273.7,4675.2,4675.2,5131.9,5832.7,7648.7
4903720295,1128.8,2347.5,,3329.4,5308.4,5308.4,6313.4,7740.7,9390.0
4903720315,4779.0,,,5643.6,6649.3,6649.3,7039.3,,7774.3
4903720324,,,,,5012.1,5012.1,5456.4,6026.6,7892.4
4903720326,3047.7,,,4143.7,4695.7,4695.7,,5061.7,5782.3
4903720332,1057.0,2260.1,,2917.9,4503.4,4503.4,5285.9,6100.3,7106.4
4903720336,4241.8,7261.1,,7805.5,9577.9,9577.9,9861.9,11361.9,12414.4
4903720337,879.7,2345.7,,2711.6,4113.9,4113.9,4638.5,5369.3,6108.3
4903720338,,,,891.9,1275.5,1275.5,1294.8,1556.3,2234.7
4903720353,,2035.1,,2772.7,4229.5,4229.5,4843.6,5629.5,6643.2
4903720354,1115.4,2356.4,,3184.7,5242.4,5242.4,6280.7,7694.7,9645.9
4903720358,10116.6,11663.8,,12128.5,,,,,
4903720361,521.5,,,,,,,,1862.4
4903720373,759.5,,,2247.5,3080.5,3080.5,3392.0,3810.7,4443.0
4903720386,1589.8,,,3854.4,5576.2,5576.2,5940.8,6848.4,8534.8
4903720394,,2038.3,,2887.9,4114.4,4114.4,4559.3,5094.6,6061.0
4903720412,,,,,,,,,1746.3
4903720418,1234.0,,,2321.1,2893.7,2893.7,,3084.0,3677.2
4903720422,,,,,,,,,1661.9
4903720448,3517.6,,,,6509.0,6509.0,,,9660.0
4903720452,,,,,1626.8,1626.8,,2250.0,3058.6
4903720460,10563.2,,,,,,,,
4903720480,647.1,2234.6,,2779.4,4278.5,4278.5,4955.7,5618.0,6708.8
4903720494,3267.9,4519.0,,4996.8,7211.5,7211.5,,,
4903720501,7782.5,9127.8,,9753.3,,,,,
4903720502,,,,2993.6,4248.7,4248.7,4443.9,,6123.6
4903720509,,7792.4,,8483.8,9593.5,9593.5,,,
4903720528,,,,924.5,1464.9,1464.9,,2170.0,2844.5
4903720564,,,,,,,,,1991.6
4903720567,,,,1280.0,2134.3,2134.3,,2725.9,3636.9
4903720573,,,,1295.0,2163.5,2163.5,,2860.7,3640.9
4903720579,,1199.2,,1325.9,2143.6,2143.6,,2763.5,3744.2
4903720581,,,,1353.1,2274.5,2274.5,,2945.4,3809.7
4903720593,,,,1310.3,2036.6,2036.6,,2750.0,3474.7
4903720597,,1115.4,,1256.3,2031.1,2031.1,,2746.1,3493.0
4903720598,5558.0,,,6426.3,7268.1,7268.1,7922.3,,8739.0
4903720601,,1121.7,,1749.4,2387.1,2387.1,2510.7,3044.7,4318.0
4903720614,,1128.7,,1258.7,2051.2,2051.2,,2617.0,3559.9
4903720632,,,,,5477.7,5477.7,,6343.2,7234.1
4903720634,3477.0,,,,,,,,
4903720653,,1055.9,,1193.7,1919.0,1919.0,,2350.3,3298.8
4903720656,,1183.6,,1378.0,2262.3,2262.3,,2886.2,3741.0
4903720657,,,,,,,,,7649.6
4903720659,,1274.6,,1498.0,2388.5,2388.5,,3089.1,3926.3
4903720671,,,,,,,,,2019.1
4903720672,,1014.7,,1153.4,1851.8,1851.8,,2360.9,3184.8
4903720700,,867.2,,994.0,1594.0,1594.0,,2121.4,2881.9
4903720701,2221.0,,,3688.8,4128.6,4128.6,,4550.1,5038.9
4903720708,,,,786.6,1260.4,1260.4,,1729.0,2474.9
4903720716,,2322.5,,,4067.2,4067.2,4836.9,,6583.8
4903720718,,,,2727.8,3995.7,4000.1,4731.9,5188.1,6756.0
4903720727,,,,921.3,1468.5,1468.5,,1936.9,2727.4
4903720732,,,,1013.5,1681.9,1681.9,,2294.7,3038.0
4903720734,,,,2899.3,4359.0,4359.0,4584.7,5708.2,6668.0
4903720735,,,,995.4,1572.5,1572.5,,2147.4,2751.2
4903720736,,,,719.3,1250.8,1250.8,,1833.6,2483.3
4903720745,,,,1019.4,1564.1,1564.1,,2049.4,2806.6
4903720750,,,,2705.5,4166.6,4166.6,4587.0,5227.3,6652.3
4903720763,4748.1,6105.0,,6596.8,7689.6,7689.6,8229.9,8874.2,9530.0
4903720767,4956.2,6244.3,,6372.2,7471.4,7471.4,7558.8,8014.2,8382.9
4903720782,6561.0,8013.7,,8450.7,9481.6,9481.6,9750.3,10019.0,10718.4
4903720787,1629.6,3353.6,,4205.0,5819.7,5819.7,,7005.9,8636.0
4903720793,5907.8,6700.2,6839.1,6896.3,7808.5,7808.5,8282.4,8817.1,9468.1
4903720794,,,,2874.0,5060.0,5060.0,5917.0,8323.0,10021.8
4903720798,1603.6,3095.0,,3530.3,4408.1,4408.1,4661.6,5395.1,5914.6
4903720799,1758.1,3164.4,,3501.9,4932.8,4932.8,5532.0,6156.2,6975.5
4903720810,,,,948.9,2846.1,2846.1,3938.6,5458.0,6974.1
4903720825,,3913.2,,4627.7,6981.5,6981.5,7687.7,9710.4,11305.8
4903720850,1358.8,,,3781.4,5312.8,5312.8,5727.9,6553.9,
4903720851,1905.5,3670.8,,4403.0,6149.7,6149.7,6243.0,7260.0,9305.2
4903720852,2432.3,4499.7,,5165.5,6727.6,6727.6,6961.2,8290.8,10130.8
4903720861,1741.0,3451.8,,4287.7,5960.6,5960.6,6097.7,7194.2,9064.0
4903720873,1243.1,2662.3,,2798.1,3615.4,3615.4,3925.8,4428.4,4929.7
4903720878,,3060.5,,3732.8,5480.8,5480.8,6030.6,7363.7,8740.1
4903720889,,,,817.2,2675.2,2675.2,3703.9,4931.9,6558.5
4903720895,,,,,1761.4,1761.4,,2395.6,3155.0
4903720902,,,,,3806.5,3806.5,4239.6,4756.2,6105.8
4903720919,,1145.7,,1407.4,1994.1,1994.1,,2555.9,3886.1
4903720921,1937.5,3268.9,,3470.4,4545.5,4545.5,5059.3,5447.1,6251.6
4903720928,1344.3,,,,3680.4,3680.4,,4468.3,5025.7
4903720941,,4065.8,,4944.0,7197.9,7197.9,7931.5,9407.9,11557.6
4903720943,,3137.6,,3974.9,5364.8,5364.8,5558.6,6573.0,8221.9
4903720947,9150.9,10205.0,,10750.4,11875.9,11875.9,12236.1,12719.7,13341.6
4903720952,,,,3610.6,5605.2,5605.2,6078.4,7517.0,8626.6
4903720953,6710.6,8201.9,,8674.5,9652.1,9652.1,10015.5,10397.8,10874.9
4903720954,,,,1777.7,3831.2,3831.2,5030.2,6334.3,7810.5
4903720957,3015.3,4239.9,,4623.6,5434.9,5434.9,5888.7,6108.7,6914.5
4903720961,1591.0,3262.4,,4084.6,5716.8,5716.8,6253.1,7223.7,8912.7
4903720972,,,,564.4,1017.3,1017.3,,1455.3,2192.4
4903720975,1697.2,3338.8,,4106.3,6126.9,6126.9,6841.4,7799.9,
4903720995,,985.5,,1263.9,1728.5,1728.5,,2089.4,3100.3
4903721008,,4917.6,,5845.7,7827.8,7827.8,8095.8,9316.7,12093.8
4903721011,716.2,2069.3,,2580.0,3562.9,3562.9,3620.7,4441.7,5646.0
4903721024,,,,,4544.1,4544.1,5517.0,7493.0,8723.4
4903721025,3255.5,4408.2,,4894.2,7195.7,7195.7,,9587.7,12386.0
4903721026,,3590.6,,4114.0,6322.9,6322.9,,8516.6,10959.6
4903721028,7142.5,8737.7,,8960.0,9964.0,9964.0,10452.2,10784.1,11320.7
4903721034,,2490.2,,3541.3,5457.4,5457.4,6323.3,8022.3,9648.7
4903721035,790.3,2227.9,,2859.3,4543.6,4543.6,4923.9,5712.0,6828.4
4903721046,2388.7,4466.2,,5368.6,6864.0,6864.0,6944.7,8459.0,10455.4
4903721047,2384.3,4526.9,,5105.5,6723.7,6723.7,6940.0,8199.3,9816.9
4903721051,,,,3658.0,5789.1,5789.1,6647.0,8047.6,9624.4
4903721055,4354.4,5452.5,,6098.1,7256.3,7256.3,7661.3,8123.4,9066.4
4903721064,6031.7,7396.8,,7658.7,8556.5,8556.5,9129.0,9709.6,10360.8
4903721071,4780.9,6121.2,,6322.0,7114.7,7114.7,7698.1,8395.6,9050.7
4903721086,,,,,2851.3,2851.3,3855.5,5199.3,6208.7
4903721096,2497.8,4687.2,,5765.1,7456.0,7456.0,7594.3,8807.5,11215.6
4903721098,1933.3,,,,,,,,
4903721144,,3818.8,,4514.7,6637.1,6637.1,,7861.2,10424.3
4903721149,650.1,1354.2,,2098.0,3059.1,3059.1,3282.3,3527.2,5099.1
4903721150,725.3,2219.6,,3098.5,5392.4,5392.4,6221.5,8185.9,9992.5
4903721152,1753.3,3578.1,,4510.4,5991.6,5991.6,6048.5,7399.3,8973.1
4903721167,2716.7,3690.9,,4376.6,5629.2,5629.2,6404.4,6875.9,7804.6
4903721179,1603.8,3143.4,,3495.6,5006.1,5006.1,5485.6,6129.7,7123.6
4903721185,1561.4,3054.5,,3950.7,5642.2,5642.2,6211.4,7208.9,8820.5
4903721186,1815.0,3801.5,,4396.3,6521.6,6521.6,6732.5,8261.1,10344.4
4903721194,6898.7,8519.6,,8870.0,9856.1,9856.1,10162.7,10465.8,11125.0
4903721224,3786.1,4921.0,,5250.1,6231.5,6231.5,6913.1,7577.1,8136.5
4903721228,2493.2,4475.3,,5337.1,6874.7,6874.7,6951.5,8533.2,10506.0
4903721246,10298.5,11675.2,,12091.0,13207.2,13207.2,13679.5,14072.7,
4903721272,,,,1074.0,2163.3,2163.3,2478.9,2657.1,3183.5
4903721279,2549.1,4901.0,,5949.4,7504.4,7504.4,7563.7,8734.8,11066.9
4903721290,,,,,5502.2,5502.2,5795.5,6710.6,8387.5
4903721292,7027.2,8380.6,,8688.2,10109.1,10109.1,10405.4,10708.5,11147.6
4903721293,2473.1,4691.6,,5809.7,7402.0,7402.0,,8924.4,11212.8
4903721308,1027.5,2546.6,,3361.8,5613.8,5613.8,6291.2,8365.0,9954.4
4903721309,3194.2,6045.3,,6767.6,8463.5,8463.5,,9528.4,12645.5
4903721320,1497.9,3287.4,,3948.6,5683.2,5683.2,6234.7,7126.3,9014.5
4903721329,1939.6,3917.0,,5160.5,6250.1,6250.1,6539.0,7877.0,9483.3
4903721335,1912.0,3800.2,,4745.6,6405.4,6405.4,6548.8,7845.4,9621.8
4903721343,5679.9,7158.1,,7456.5,8510.8,8510.8,8717.1,9203.9,9610.7
4903721344,1427.2,,,3914.5,5488.7,5488.7,,6631.4,8471.5
4903721357,5564.3,6543.1,,7339.8,9459.9,9459.9,,11567.7,15016.0
4903721358,,2585.1,,3474.6,5475.0,5475.0,6228.7,7562.3,8889.3
4903721361,1384.3,3180.6,,4006.0,6355.1,6355.1,7237.9,8955.6,10499.9
4903721362,931.5,2752.4,,3622.8,5861.2,5861.2,6848.4,8665.8,10243.6
4903721368,1063.9,,,,,,,,
4903721374,5350.6,6553.2,,7283.4,8429.9,8429.9,8788.8,9472.4,10125.0
4903721378,1055.2,,,,,,,,
4903721380,10227.1,,,,,,,,
4903721381,2550.0,5107.6,,5872.5,7635.0,7635.0,7741.2,8985.2,11367.7
4903721383,8117.9,8938.4,,9379.4,10474.5,10474.5,10786.9,11162.9,11828.0
4903721392,2474.1,4164.8,,5119.7,7078.3,7078.3,7408.1,8612.3,10569.3
4903721401,,,,,,,,,9060.1
4903721407,2735.9,3570.6,,4250.0,5476.0,5476.0,6170.9,6758.1,7703.8
4903721408,2777.1,3565.3,,4246.8,5453.8,5453.8,5999.5,6848.1,7690.1
4903721415,1200.0,2830.2,,3568.3,5327.6,5327.6,5859.8,7274.3,8484.0
4903721444,2076.1,4113.2,,4917.6,6587.0,6587.0,6701.7,7796.5,9758.1
4903721456,,,,3613.8,5578.8,5578.8,6142.3,7607.9,9075.0
4903721458,1359.1,2704.8,,3534.6,5499.6,5499.6,6106.6,7432.1,8857.7
4903721463,,,,,5024.8,5024.8,5588.9,6199.4,7960.7
4903721464,5006.6,6336.0,,6698.2,7580.3,7580.3,8353.8,8853.8,9489.1
4903721472,4049.0,5463.7,,5675.0,6447.9,6447.9,6807.5,7170.2,7825.1
4903721473,3796.0,6141.7,,6848.1,8643.7,8643.7,,10649.5,13179.9
4903721488,,5070.0,,5726.8,8028.4,8028.4,,8924.0,12440.4
4903721489,,2885.8,,3786.0,6083.5,6083.5,7069.4,8835.7,10484.1
4903721497,3803.0,6750.4,,7109.0,8782.6,8782.6,,9845.3,12537.2
4903721514,3150.4,5886.8,,6663.5,8337.8,8337.8,,9769.2,12354.4
4903721524,3793.7,6254.6,,7028.8,8823.4,8823.4,8934.6,10502.6,12955.6
4903721536,,5544.1,,6324.6,7899.4,7899.4,,9180.3,11392.3
4903721555,,,,,,,,,2610.3
4903721566,3185.2,,,4053.7,5108.8,5108.8,,,
4903721569,1058.6,2330.0,,3376.0,4602.5,4602.5,,5859.7,6865.0
4903721576,,,,,1574.2,1574.2,,2205.7,3006.3
4903721584,7681.3,8731.0,,8917.0,9912.3,9912.3,10261.7,10682.3,11337.0
4903721587,1685.9,3630.2,,4660.9,6178.0,6178.0,6233.2,7088.7,9227.0
4903721609,1667.4,3351.4,,4090.6,6174.0,6174.0,,7471.5,10075.6
4903721621,,1897.8,,2612.2,3775.7,3775.7,4242.1,4591.6,5816.2
4903721626,1304.9,2871.5,,3602.2,5136.7,5136.7,5675.4,6336.7,8379.6
4903721633,3364.1,4294.3,,4963.2,7258.0,7258.0,,9591.1,12356.7
4903721636,11265.4,12620.0,,13186.3,14442.5,14442.5,14785.1,15131.8,15820.4
4903721637,2118.4,3769.8,,4705.6,6602.0,6602.0,6821.9,8254.3,10193.5
4903721641,1542.7,3431.6,,4139.2,5356.5,5356.5,,6829.1,8183.5
4903721643,9768.6,11115.1,,11545.8,12710.5,12710.5,13064.5,13460.4,14099.9
4903721664,1291.9,2880.6,,3655.7,5382.9,5382.9,5894.4,6935.9,8754.6
4903721671,612.0,,,2111.7,3152.9,3152.9,3528.3,3990.9,4843.8
4903721672,81.3,966.6,,1997.2,3825.9,3825.9,4990.0,6552.2,8310.0
4903721681,,2898.6,,3687.0,5386.6,5386.6,6010.4,7292.3,8393.1
4903721685,8133.1,8994.4,,9438.7,10499.7,10499.7,10803.6,11165.0,11832.3
4903721686,6352.0,7726.9,,8386.3,9624.2,9624.2,10193.4,10980.1,11544.3
4903721704,1851.2,3680.2,,4344.0,6528.0,6528.0,6607.0,7747.7,10402.5
4903721716,2432.1,4627.3,,5199.8,6854.9,6854.9,7117.8,8388.3,10231.9
4903721718,,1574.0,,2353.4,4338.5,4338.5,4989.1,6511.7,7397.9
4903721755,1398.0,2901.6,,3543.5,5539.9,5539.9,6194.7,7727.9,8875.7
4903721765,1362.5,2932.7,,3593.9,5279.3,5279.3,5702.0,6705.8,8351.4
4903721776,5426.7,6494.4,,7225.1,8391.8,8391.8,9048.5,9647.1,10163.8
4903721785,4646.1,5536.0,,5807.7,6526.1,6526.1,7187.3,7791.4,8527.8
4903721790,,,,,,,,5545.2,7349.5
4903721791,1391.3,2922.9,,3660.2,5346.2,5346.2,5803.9,6620.7,8295.7
4903721797,2279.8,4363.6,,5018.3,7158.3,7158.3,,8357.5,11186.6
4903721843,678.5,,,2133.0,3165.8,3165.8,3593.3,3940.4,4881.4
4903721849,5222.0,6774.8,,7064.9,8357.7,8357.7,8873.5,9341.0,10075.9
4903721856,,,,800.6,1417.7,1417.7,,,1996.8
4903721860,8420.8,9250.2,,9749.4,10846.7,10846.7,11090.5,11510.4,12169.1
4903721882,2954.7,3715.1,,4246.3,5316.3,5316.3,6145.3,6745.0,7433.7
4903721894,1618.9,3481.9,,4155.7,6144.2,6144.2,6845.1,7589.3,9982.3
4903721898,4591.3,5679.4,,6466.2,7522.2,7522.2,8115.5,8764.1,9520.5
4903721905,2555.9,4535.9,,5234.1,7364.4,7364.4,,9568.2,11774.0
4903721911,,7460.4,,8182.0,9358.3,9358.3,9718.8,10141.1,10828.0
4903721917,,2380.9,,2898.2,4477.8,4477.8,5088.1,5795.7,6822.8
4903721923,2402.5,4317.5,,5599.9,6893.9,6893.9,7142.5,8565.3,10347.6
4903721926,,7819.6,,8405.0,9806.9,9806.9,10240.4,10980.9,11610.7
4903721955,1167.0,2670.8,,3414.2,4601.2,4601.2,4798.9,5587.4,6252.8
4903721960,3904.5,4843.6,,5582.2,6860.8,6860.8,7500.8,8014.2,8805.9
4903721965,8535.9,9669.1,,10201.5,11485.0,11485.0,11947.8,,12801.3
4903722031,5397.3,6895.9,,7111.8,8026.8,8026.8,8511.0,9063.1,9796.1
4903722057,,3899.9,,4552.1,6166.6,6166.6,,6954.3,8264.2
4903722066,698.1,2228.6,,2426.1,3244.1,3244.1,3565.3,4147.5,4786.9
4903722073,,,,428.0,1027.3,1027.3,,1348.1,2117.1
4903722103,8186.0,9237.2,,9435.8,10353.7,10353.7,10788.0,11249.8,11866.2
4903722125,,,,2166.8,4174.7,4174.7,5389.0,6702.0,8380.9
4903722134,347.5,1223.8,,1681.4,2628.0,2628.0,2860.2,,4169.5
4903722148,,1898.9,,2645.7,4386.8,4386.8,5307.1,7514.9,8743.9
4903722150,1420.0,2782.3,,2959.7,3998.9,3998.9,4488.6,4872.1,5643.5
4903722185,4490.9,5487.0,5743.6,5770.8,6650.4,6650.4,7189.3,7667.0,8527.8
4903722213,672.2,1856.3,,2130.0,3240.3,3240.3,3682.0,4064.8,4955.3
4903722254,6558.9,7528.9,,7643.3,8718.0,8718.0,9096.9,9596.7,10230.9
4903722280,7237.1,8113.0,8247.4,8320.9,9162.3,9162.3,9727.3,10179.7,10860.0
4903722304,6491.1,7327.1,,7546.9,8565.9,8565.9,8982.8,9492.3,10054.1
4903722309,99.2,,,1333.6,2411.9,2411.9,2642.8,,3778.1
4903722326,6459.4,7783.5,,8057.2,8973.2,8973.2,9499.1,9951.0,10759.3
4903722329,,,,,,,,9578.8,10314.7
4903722330,7348.4,8153.5,8396.8,8473.1,9298.3,9298.3,9773.0,10356.2,10985.0
4903722333,4027.6,5089.6,5272.1,5381.0,6208.9,6208.9,6748.6,7396.2,8116.2
4903722343,7464.0,8389.2,,8579.1,9609.8,9609.8,9930.3,10591.7,11155.0
4903722423,3892.5,4371.8,4416.0,4488.0,5592.2,5592.2,6019.4,,6825.4
4903722431,,322.9,,421.6,1062.4,1062.4,,1493.7,2230.6
4903722470,8395.4,9189.7,,9724.7,10804.0,10804.0,11105.1,11604.4,12139.3
4903722502,,,,1103.0,1740.2,1740.2,,2270.8,3132.9
4903722526,,2269.9,,3139.7,5112.9,5112.9,6000.1,7083.7,8212.8
4903722542,2190.2,3315.0,,3714.6,4685.9,4685.9,5117.6,5362.0,6161.4
4903722548,2287.9,3371.2,,3877.7,5052.7,5052.7,5386.5,5998.5,6863.3
4903722564,,652.6,,692.8,1348.5,1348.5,,1787.1,2613.0
4903722578,1784.8,2900.5,,3500.7,5027.1,5027.1,5777.8,6522.4,7437.5
4903722649,5948.4,6716.4,6814.4,6912.4,7849.4,7849.4,8235.1,8870.5,9473.4
4903722681,721.5,2201.2,,2759.5,4051.5,4051.5,,,
4903722685,6152.0,7527.1,,7821.9,8819.0,8819.0,9431.5,10069.0,10545.0
4903722722,,,,780.4,1402.6,1402.6,,1846.7,2705.1
4903722738,,2011.8,,2964.0,4913.0,4913.0,5981.8,7487.4,8883.8
4903722776,6231.4,7032.0,,7172.2,8279.2,8279.2,8646.8,9127.3,9775.3
4903722808,1364.6,2880.2,,3590.7,5255.4,5255.4,5728.3,6658.2,8059.4
4903722847,1591.2,3391.7,,4234.2,5685.4,5685.4,,6990.5,8955.6
4903722860,2292.7,4428.7,,5444.9,6950.6,6950.6,7066.7,8375.8,10554.3
4903722864,,2030.0,,2873.5,4661.4,4661.4,5469.6,6371.1,7407.2
4903722873,,1993.7,,2553.8,3787.4,3787.4,4356.1,4781.6,5960.7
4903722874,6102.9,7140.2,,7736.0,8882.2,8882.2,9605.6,9879.2,10634.0
4903722900,1849.2,3764.8,,4553.3,5997.2,5997.2,6036.7,7245.7,8968.6
4903722901,1969.7,3731.0,,4653.5,6112.1,6112.1,,7497.8,9323.1
4903722907,,,,,,,,,10818.0
4903722912,6146.2,7529.6,,7791.5,8720.7,8720.7,9346.0,9811.8,10497.5
4903722919,7646.0,9100.1,,9296.7,10531.6,10531.6,10923.8,11356.4,11711.4
4903722936,,2251.9,,2899.6,4734.0,4734.0,5437.5,6304.7,7407.2
4903722937,,533.1,,601.5,1327.8,1327.8,,1645.6,2524.0
4903722971,,,,8384.0,9471.5,9471.5,9949.2,10595.5,11436.6
4903722986,6313.0,7129.4,,7257.0,8365.8,8365.8,8725.2,9258.7,9894.6
4903722991,8031.6,9004.5,,9260.8,10326.2,10326.2,10605.8,11069.7,11692.5
4903722999,6214.9,7436.5,,7944.9,9074.9,9074.9,9623.9,10101.1,10814.6
4903723007,1321.2,2928.3,,3626.6,5151.8,5151.8,5698.6,6366.6,8345.0
4903723025,6247.6,7458.2,,7924.9,9059.5,9059.5,9654.7,9950.7,10715.7
4903723032,6092.0,7106.6,,7157.4,8129.7,8129.7,8661.3,9282.0,9826.5
4903723037,8810.7,10042.6,,10428.2,11480.5,11480.5,11858.4,12387.6,13071.1
4903723069,5978.6,7139.6,,7813.5,8855.2,8855.2,9424.5,10044.3,10824.7
4903723092,6745.0,7880.5,,8598.0,9622.0,9622.0,10186.5,10676.5,11488.2
4903723169,8346.0,9301.9,,9630.3,10754.0,10754.0,10996.9,11442.9,12034.3
4903723220,2525.8,3467.6,,3950.9,4994.9,4994.9,5555.4,6492.4,7306.2
4903723252,,,,,,,,,
4903723279,6288.6,7078.3,7119.2,7187.3,8170.3,8170.3,8587.9,9265.3,9846.2
4903723300,2025.2,3806.9,,4610.7,6342.9,6342.9,6462.6,7470.9,9485.3
4903723301,2012.6,3736.0,,4591.7,6171.0,6171.0,,7443.1,9269.0
4903723398,,,,,,,,,5011.7
4903723413,975.7,2286.1,,2404.7,3237.9,3237.9,3705.4,4065.2,4687.5
4903723419,1714.1,3609.4,,4442.9,5941.1,5941.1,5973.2,7180.2,8929.8
4903723424,671.5,2181.9,,2632.2,4332.3,4332.3,5007.9,5858.9,7037.9
4903723432,5356.8,,,5779.2,7832.5,7832.5,,8919.1,12702.5
4903723473,2595.1,3448.9,,4044.2,5429.3,5429.3,5996.1,6828.6,7687.1
4903723485,,2012.7,,2914.3,4819.6,4819.6,5450.2,6623.8,7776.6
4903723513,694.5,2394.5,,2969.1,3916.4,3916.4,4023.1,4792.8,6214.0
4903723527,9102.8,10106.1,,10604.6,11737.0,11737.0,12100.6,12478.1,13143.4
4903723553,2180.5,4070.3,,4841.2,6386.4,6386.4,6634.6,7744.6,9946.8
4903723564,,3057.8,,4116.1,5500.7,5500.7,,6510.9,7721.8
4903723582,,1483.7,,2155.5,3145.7,3145.7,3685.7,4137.6,5126.6
4903723591,3944.1,4987.0,,5626.3,6940.1,6940.1,7593.9,8010.3,8933.8
4903723606,,2278.4,,2910.5,4862.3,4862.3,5636.9,6426.6,7553.3
4903723607,,2300.3,,3186.4,5208.6,5208.6,5726.2,7319.0,8303.9
4903723622,867.9,2301.1,,2925.9,4665.3,4665.3,5486.0,6258.4,7473.3
4903723629,3076.0,,,4187.9,5262.0,5262.0,,,6924.9
4903723643,1110.6,2293.9,,3229.9,5286.5,5286.5,6158.9,7157.8,8482.8
4903723696,695.4,1978.3,,2731.3,4063.2,4063.2,4524.7,5284.0,6599.4
4903723713,792.8,2112.0,,2817.6,4696.2,4696.2,5391.1,6368.8,7825.9
4903723725,2993.0,3891.2,,4528.1,5835.4,5835.4,6494.4,7114.3,7996.9
4903723759,1693.8,3578.0,,4138.8,6157.9,6157.9,6828.6,7836.3,9747.1
4903723763,881.0,2366.1,,3019.3,4517.7,4517.7,5033.0,5793.4,7104.7
4903723828,894.3,2373.6,,3027.5,4656.0,4656.0,5417.0,6307.7,7502.9
4903723837,2044.3,2725.8,,3290.4,4722.8,4722.8,5312.5,6009.7,6800.5
4903723843,1391.8,2517.9,,3498.9,5389.4,5389.4,6199.2,7438.3,8813.6
4903723845,674.7,2161.2,,2695.2,4208.8,4208.8,4790.7,5447.3,6808.9
4903723860,703.3,2235.3,,2794.9,4480.3,4480.3,5142.8,6045.0,7054.5
4903723871,7630.8,9153.5,,9244.7,10493.9,10493.9,10787.9,11294.8,11671.7
4903723884,,2128.9,,2727.5,4202.5,4202.5,4722.1,5317.6,6777.8
4903723886,,1764.8,,2340.2,3456.4,3456.4,4029.6,4555.9,5545.1
4903723903,,2133.3,,3160.3,5164.1,5164.1,5907.7,7195.1,8372.0
4903723909,1693.8,3558.2,,4104.8,6187.6,6187.6,6841.5,7808.4,9799.7
4903723925,1469.7,2467.2,,3164.5,4878.7,4878.7,5655.8,6392.4,7351.2
4903723933,1019.0,2361.7,,3210.2,5113.1,5113.1,5917.0,7278.7,8519.4
4903723970,1711.6,2686.1,,3412.8,5015.3,5015.3,5836.9,6358.3,7414.7
4903723971,,1991.7,,2910.5,4847.1,4847.1,5525.0,6696.2,7903.0
4903723977,,2264.7,,2980.3,4680.4,4680.4,5361.0,6281.5,7264.9
4903723978,,2407.3,,2925.5,4683.3,4683.3,5346.0,6200.3,7205.7
4903723991,1430.4,2721.2,,3498.6,5429.3,5429.3,6205.4,7521.6,8863.9
4903724007,781.0,2288.5,,2824.0,4579.6,4579.6,5244.4,6236.3,7408.7
4903724018,,2542.9,,3441.4,5471.5,5471.5,6219.2,7601.0,8924.5
4903724036,1415.4,2868.1,,3746.4,5828.0,5828.0,6490.1,7672.5,9447.2
4903724062,,1926.2,,2429.8,4415.8,4415.8,5153.4,6114.7,7915.9
4903724063,,2123.2,,2856.8,4614.6,4614.6,5432.5,6130.2,7265.0
4903724064,,2122.4,,2859.1,4611.3,4611.3,5447.8,6376.9,7379.8
4903724065,1068.8,2419.3,,3265.7,5291.8,5291.8,6136.3,7660.2,8883.8
4903724072,,2212.2,,3106.5,5123.2,5123.2,5977.7,6984.9,8471.8
4903724076,5078.3,6511.5,,6724.4,7529.3,7529.3,8093.6,8765.2,9415.1
4903724099,,2080.6,,2376.6,3447.2,3447.2,3861.2,4527.5,5293.6
4903724110,1059.0,2306.0,,3220.0,5280.0,5280.0,5712.0,7125.0,8157.8
4903724127,6860.6,7794.7,7930.8,7993.5,8854.0,8854.0,9428.8,10064.3,10595.2
4903724132,6003.4,7336.1,,7654.9,8744.8,8744.8,9203.2,9883.6,10398.8
4903724185,8084.8,9127.3,,9555.2,10710.6,10710.6,11258.1,,12205.1
4903724186,1219.4,2497.8,,3383.5,5437.3,5437.3,6219.7,7851.1,8971.5
4903724230,909.4,2113.8,,2777.9,4603.8,4603.8,5236.9,6389.9,7275.0
4903724233,763.6,2202.9,,2577.3,3713.5,3713.5,4106.5,5033.2,5670.1
4903724237,7930.5,9193.0,,9642.1,10855.0,10855.0,11357.4,,12234.7
4903724250,,,,,,,,,
4903724260,6580.0,7497.5,7628.4,7691.0,8559.7,8559.7,9050.3,9606.6,10265.6
4903724304,,,,,8600.6,8600.6,9024.6,9623.3,10220.8
4903724311,937.5,1985.8,,2873.3,4964.4,4964.4,5775.2,6816.2,8246.3
4903724314,707.1,2213.2,,2761.3,4297.5,4297.5,4965.2,5414.0,6832.2
4903724333,983.2,2084.1,,2862.4,4968.1,4968.1,5733.6,7011.9,8229.8
4903724337,10743.0,12024.0,,12511.9,13637.9,13637.9,13935.2,14387.8,14911.0
4903724352,5780.7,7001.4,,7291.1,8238.7,8238.7,8821.0,9322.3,10074.7
4903724354,8773.7,9821.6,,10301.1,11414.6,11414.6,11775.0,12143.7,12793.9
4903724371,,1606.5,,2297.0,4261.0,4261.0,4928.9,6424.6,7766.8
4903724379,740.7,2221.5,,2791.1,4296.4,4296.4,4993.6,,6841.7
4903724432,7209.6,8265.2,,8749.9,9663.5,9663.5,10193.6,10674.6,11447.8
4903724451,669.1,2215.3,,2805.6,4256.3,4256.3,4732.9,5897.1,6994.1
4903724480,,2266.8,,3153.7,5092.8,5092.8,6085.1,7503.8,8638.7
4903724482,9373.0,10427.0,,10928.8,12043.9,12043.9,12314.7,12776.6,13346.1
4903724494,,2684.9,,3232.3,,,,,
4903724499,,2094.8,,2869.0,4940.6,4940.6,5691.9,6829.1,8006.6
4903724502,1755.1,3374.2,,4186.7,5924.7,5924.7,6078.7,6838.9,8943.0
4903724512,5061.2,6141.1,,6853.6,7917.5,7917.5,8336.6,8800.8,9555.4
4903724513,4879.6,6233.6,,6823.8,7780.4,7780.4,8261.8,8707.0,9287.6
4903724520,,2249.1,,2975.0,4888.8,4888.8,5553.0,6684.1,7807.4
4903724552,1248.1,2725.9,,3550.9,5500.5,5500.5,5967.9,7421.5,8530.3
4903724563,3405.2,4577.7,,5197.6,6484.0,6484.0,7142.9,7781.4,8603.8
4903724579,2772.5,3549.5,,4148.1,5319.7,5319.7,5989.9,6585.7,7380.1
4903724592,4852.7,5999.5,,6736.8,7847.0,7847.0,8225.8,8931.4,9517.3
4903724614,1027.4,2345.0,,3168.6,5310.2,5310.2,6193.6,7248.4,8803.2
4903724645,5175.7,6609.1,,6949.2,7988.4,7988.4,8454.3,8838.9,9207.1
4903724671,,2104.2,,2852.1,4544.4,4544.4,5214.8,5804.9,7187.6
4903724713,517.1,1624.6,,2407.6,4381.6,4381.6,5123.3,6415.6,7639.5
4903724737,971.5,2335.4,,3156.6,5111.8,5111.8,5954.0,7676.4,8542.0
4903724754,,,,3844.7,5417.0,5417.0,5857.8,6629.2,8471.2
4903724769,1382.6,2669.3,,3535.8,5465.7,5465.7,6077.4,7487.1,8727.0
4903724778,778.6,2327.8,,2792.6,4556.3,4556.3,5205.0,6141.2,7256.6
4903724780,755.6,2340.5,,2872.2,4597.0,4597.0,5291.5,6131.0,7461.5
4903724807,7284.9,8041.5,,8303.7,9286.4,9286.4,9737.3,10303.7,10984.1
4903724808,,,,,3986.7,3986.7,,,4885.4
4903724819,2387.8,3574.8,,4168.1,5651.8,5651.8,6392.8,7050.9,7810.2
4903724821,,,,,,,,,
4903724840,570.2,,,,,,,,2315.1
4903724851,1968.3,3135.4,,3707.9,5274.4,5274.4,5993.7,6594.6,7514.8
4903724869,1004.9,2061.7,,2708.7,4510.7,4510.7,5289.6,6189.2,7167.0
4903724876,1269.0,2325.5,,3004.8,4689.1,4689.1,5432.0,6255.4,7252.8
4903724884,732.7,2312.5,,2795.9,4307.0,4307.0,4791.9,5513.1,6708.0
4903724891,8420.8,9433.1,,9694.1,10811.3,10811.3,11067.6,11582.3,12111.9
4903724896,1456.5,2412.3,,3069.7,4723.0,4723.0,5570.2,6141.4,7231.7
4903724900,5302.2,6469.5,,7116.4,7924.8,7924.8,8434.5,8876.0,9212.7
4903724909,,,,,,,,6238.7,
4903724914,1195.8,3034.3,,3575.2,4985.4,4985.4,5333.5,6141.4,7929.7
4903724925,,,,,,,,9268.7,9587.3
4903724934,2455.5,3544.8,,4145.4,5587.9,5587.9,6326.5,6995.2,7712.8
4903724951,5417.5,6644.1,,6991.6,8118.7,8118.7,8587.0,9274.5,9911.6
4903724959,1373.4,2991.5,,3643.4,5604.7,5604.7,6286.8,7856.7,8989.6
4903724963,3672.2,4420.3,,5235.3,6545.5,6545.5,7247.0,7762.8,8569.2
4903724971,,,,,,,,,9019.2
4903724974,1133.9,2460.2,,3312.7,5360.4,5360.4,6221.4,7862.1,9053.5
4903725027,,2937.1,,3556.9,,,,,
4903725048,,4132.0,,4919.8,6092.2,6092.2,6868.0,7363.9,8120.9
4903725052,3640.9,4597.7,,5237.4,6594.7,6594.7,7205.6,7622.9,8586.2
4903725055,8087.5,9602.2,,9750.9,10964.2,10964.2,11382.8,11757.8,12224.2
4903725061,2022.8,3546.7,,3894.4,5390.4,5390.4,6090.4,6852.9,7571.0
4903725097,3997.7,5132.2,,5832.9,6987.8,6987.8,7387.1,7898.5,8601.2
4903725099,,2424.2,,3236.1,5309.2,5309.2,6087.1,7727.9,9060.6
4903725116,1030.2,2191.2,,2775.7,4489.5,4489.5,5256.0,5962.0,6984.2
4903725124,1106.1,2457.3,,3266.9,5353.4,5353.4,6089.0,8006.2,9014.5
4903725138,,2230.6,,2662.4,4243.6,4243.6,4898.7,5486.0,6819.6
4903725161,6041.6,7151.1,,7210.4,8138.1,8138.1,8720.6,9284.1,9961.9
4903725162,5753.7,7127.4,,7366.5,8260.6,8260.6,8706.0,9432.0,10015.5
4903725172,672.8,2209.5,,2774.8,4379.7,4379.7,5028.9,5878.2,7193.0
4903725175,2116.7,4054.7,,4741.3,6942.8,6942.8,,8109.3,10838.3
4903725180,,2303.4,,2872.3,4344.9,4344.9,4882.9,5762.8,6712.0
4903725188,1214.0,2517.2,,3064.9,4743.8,4743.8,5363.7,6210.6,7192.0
4903725200,1673.0,3283.6,,4196.0,,,,,
4903725215,,3381.9,,4119.4,,,,,
4903725220,942.8,2328.7,,2895.6,4398.7,4398.7,5067.9,5600.7,6677.2
4903725232,972.1,1971.1,,2731.3,4507.1,4507.1,5329.4,6177.2,7107.1
4903725233,639.2,2373.4,,2826.2,4354.3,4354.3,4989.1,5646.5,6667.8
4903725237,2026.0,3878.6,,4769.9,6421.7,6421.7,6620.4,7776.4,9908.4
4903725242,1683.6,3300.6,,4059.7,6104.7,6104.7,6802.8,7863.9,9637.2
4903725244,2609.4,3488.1,,4144.6,5570.3,5570.3,6311.2,6942.7,7693.4
4903725258,2136.1,2917.7,,3493.5,4906.4,4906.4,5526.7,6193.3,6942.4
4903725266,5467.9,6817.7,,7243.8,8200.8,8200.8,8591.1,9013.7,9586.7
4903725272,,2252.9,,3166.0,5089.8,5089.8,5878.9,7314.0,8603.2
4903725275,4745.7,5718.6,,6204.1,7208.9,7208.9,7782.8,8601.2,9133.4
4903725279,4829.9,6401.3,,6755.8,7534.4,7534.4,7942.6,8361.7,9174.0
4903725291,998.3,2503.2,,2926.5,4251.2,4251.2,4825.9,5682.8,6543.0
4903725293,1077.0,2286.9,,3154.2,5252.6,5252.6,6028.0,7021.5,8410.8
4903725296,,3143.3,,4129.7,5407.0,5407.0,5449.0,6946.2,8281.6
4903725300,5690.5,7241.9,,7535.6,8545.9,8545.9,9023.0,9282.8,9879.4
4903725310,,2147.8,,3108.9,5123.3,5123.3,5643.8,6839.1,8141.7
4903725330,5220.8,6794.7,,7031.4,7991.7,7991.7,8425.8,9030.3,9578.2
4903725345,,,,,,,,2879.7,3468.7
4903725360,963.3,1783.1,,2589.3,4373.9,4373.9,5215.9,6096.6,7015.7
4903725363,3743.3,4678.5,,5338.1,6713.0,6502.1,7184.3,7778.9,8763.4
4903725379,,,,3167.8,,,,,
4903725380,,2648.7,,3174.2,,,,,
4903725381,,2549.7,,3119.0,,,,,
4903725386,,2839.2,,3764.0,5188.2,5188.2,5307.7,6457.1,8069.6
4903725387,5617.0,7010.4,,7595.1,8826.0,8826.0,9271.9,9674.9,10490.4
4903725397,3890.2,5378.0,,5690.3,6541.4,6541.4,6943.3,7373.1,7985.6
4903725430,,,,,,,,,8081.3
4903725432,1253.1,2655.5,,3563.6,5376.4,5376.4,5907.3,7175.1,8181.8
4903725433,1444.5,3012.8,,3739.3,5710.1,5710.1,6216.7,7634.1,8744.5
4903725444,,,,,,,,,
4903725470,1498.7,3097.0,,3767.1,5895.2,5895.2,6264.5,7606.9,9057.7
4903725498,1710.7,3640.0,,4233.5,6214.0,6214.0,6606.5,7951.7,9797.5
4903725544,,8645.4,,9142.6,10202.4,10202.4,10625.5,11138.4,11871.3
4903725556,5249.2,6651.7,,6888.4,7780.8,7780.8,8442.7,8891.3,9675.6
4903725563,1601.7,2998.2,,3507.1,5087.0,5087.0,5700.6,6309.8,7373.9
4903725568,,,,,,,,2595.8,3162.7
4903725570,,2270.6,,2958.3,4802.2,4802.2,5558.4,6669.2,7744.8
4903725587,1297.7,2784.7,,3510.1,5238.2,5238.2,5644.3,6740.4,8129.3
4903725588,1258.0,3016.2,,3683.7,5501.8,5501.8,6006.9,7454.0,8684.0
4903725589,1338.5,3033.6,,3695.6,5632.6,5632.6,6127.2,7540.4,8676.0
4903725602,168.7,,,1060.9,1861.2,1861.2,2199.1,2505.3,3055.3
4903725634,,2678.0,,2978.2,3838.4,3838.4,4179.2,4560.6,4929.9
4903725636,3188.0,4196.1,,4965.5,6445.8,6445.8,7055.7,7519.9,8377.6
4903725664,3431.5,4481.7,,4950.4,6249.8,6249.8,6840.0,7192.1,8068.9
4903725665,2333.6,3120.7,,3716.0,5137.3,5137.3,5713.0,6456.3,7288.8
4903725672,3287.2,4432.9,,5062.0,6547.2,6547.2,7144.7,7518.1,8398.1
4903725676,2926.0,4260.8,,4757.8,6202.6,6202.6,6660.3,7316.3,8265.1
4903725696,875.8,2046.6,,2880.2,5085.2,5085.2,5945.6,7434.1,8922.2
4903725711,,2334.5,,3198.2,4936.2,4936.2,5472.3,6649.0,7825.3
4903725716,1417.5,2501.1,,2717.2,3728.4,3728.4,4051.0,4503.4,4993.5
4903725717,1966.7,3852.5,,4672.7,6322.3,6322.3,6550.1,7659.4,9799.2
4903725719,1465.9,3228.2,,3838.2,5929.5,5929.5,6694.6,,9895.4
4903725727,1399.7,3151.0,,3810.3,6371.2,6371.2,7208.8,8829.4,10048.8
4903725729,2132.4,4071.7,,4858.3,6447.9,6447.9,6698.1,7946.2,10002.5
4903725731,5388.3,6480.3,,7201.5,8370.6,8370.6,9003.1,9652.5,10378.4
4903725733,3654.8,4875.6,,5482.3,6847.8,6847.8,7304.2,7965.7,8710.5
4903725737,3604.9,4878.7,,5530.8,6761.5,6761.5,7357.2,8010.6,8683.0
4903725748,,,,3382.9,,,,,
4903725769,1124.5,2462.9,,3304.8,5104.6,5104.6,5554.9,7066.6,8106.4
4903725773,1179.0,2529.4,,3408.2,5192.0,5192.0,5709.9,7088.6,8058.6
4903725785,1718.3,3749.6,,4188.8,6223.4,6223.4,,7952.5,10331.0
4903725789,2792.7,3552.6,,4054.6,5176.7,5176.7,5775.1,6469.3,7352.8
4903725795,908.8,2079.5,,2901.1,5072.9,5072.9,5889.9,7186.7,8478.4
4903725797,1082.9,2307.9,,3331.7,5396.0,5396.0,6351.7,7638.6,9075.7
4903725800,3987.1,5020.4,,5699.1,7047.6,7047.6,7547.4,8044.9,8914.4
4903725801,,1949.7,,2773.2,4898.1,4898.1,5731.6,7323.6,8519.8
4903725804,1727.8,3206.7,,4146.7,6212.0,6212.0,,7668.6,10199.3
4903725817,,2959.0,,3648.3,5223.1,5223.1,5635.6,6547.0,8224.9
4903725820,1230.9,2486.9,,3345.4,5924.1,5924.1,6789.4,8271.1,9543.2
4903725821,1575.9,2971.5,,3873.8,5969.8,5969.8,6682.1,7948.8,9615.2
4903725822,811.6,2303.9,,2896.6,4402.6,4402.6,4849.0,5908.0,7144.7
4903725838,4897.4,5938.8,,6694.3,7911.8,7911.8,8572.1,9072.4,9840.1
4903725844,4748.4,5924.9,,6534.8,7764.7,7764.7,8418.3,8917.5,9683.2
4903725858,,906.1,,1769.4,3927.0,3927.0,4568.1,6152.5,7232.7
4903725860,,,,,2773.4,2773.4,3904.9,5235.8,6315.9
4903725874,1891.3,3525.6,,4329.8,6477.2,6477.2,,8441.2,10651.7
4903725895,3473.7,4361.5,,4818.7,5877.9,5877.9,6490.6,7346.9,7844.4
4903725896,4132.8,5013.0,,5561.5,6588.1,6588.1,7203.0,7998.8,8496.0
4903725897,1200.1,2715.5,,3492.9,5209.0,5209.0,5710.3,6790.6,7879.7
4903725900,,2008.5,,2823.1,4574.2,4574.2,5253.9,6293.7,7253.9
4903725902,,2286.8,,2843.3,4598.2,4598.2,5513.5,6147.9,7334.9
4903725909,1902.1,3654.3,,4544.1,6199.7,6199.7,6386.6,7413.9,9297.3
4903725918,5741.3,6982.6,,7641.9,8763.6,8763.6,9453.7,10097.3,10606.7
4903725921,5609.9,6426.9,,6562.7,7381.1,7381.1,7818.9,8409.0,8849.5
4903725926,,,,7720.3,8863.4,8863.4,9212.4,,10400.7
4903725940,1043.5,3033.9,,3838.6,6072.9,6072.9,7034.1,8882.9,10300.6
4903725941,,2696.4,,3578.1,5625.9,5625.9,6460.1,7791.1,9345.0
4903725942,1341.4,2654.5,,3532.6,5635.9,5635.9,6493.9,7748.1,9437.5
4903725945,,2367.8,,2930.3,4356.0,4356.0,,5476.3,7454.4
4903725947,7884.2,8720.3,,9219.4,10262.8,10262.8,10702.1,11148.6,11815.2
4903725952,1951.3,3992.6,,4588.9,6713.4,6713.4,,8843.5,10957.3
4903725970,4975.9,6580.2,,6979.9,8098.6,8098.6,8503.0,8978.7,9654.1
4903725971,1243.0,2772.7,,3575.3,5352.7,5352.7,5927.3,7261.6,8475.4
4903725974,1818.7,3540.6,,4591.3,6299.0,6299.0,6529.9,7567.3,9513.1
4903725975,1654.3,3693.4,,4238.4,6594.8,6594.8,7397.9,9070.6,10770.7
4903725985,2095.8,2937.5,,3407.6,4701.7,4701.7,4837.5,5537.2,6043.4
4903725987,1617.8,3600.3,,4372.5,5987.7,5987.7,6344.7,7422.9,9359.8
4903725993,994.3,2531.4,,3348.5,5400.0,5400.0,6320.6,8319.4,9935.8
4903726024,1792.2,3428.6,,4267.0,6464.1,6464.1,,8290.6,10281.3
4903726104,,,,,,,,,1898.5
4903726115,,1496.6,,2141.5,2761.3,2761.3,2913.7,3574.1,4916.9
4903726116,390.4,,,1446.1,1843.5,1843.5,,,2154.9
4903726130,908.7,2311.4,,2854.4,4537.9,4537.9,5125.9,6008.3,7126.5
4903726159,,5990.4,,6665.0,8435.0,8435.0,,10335.4,12770.9
4903726167,,,,,,,,,12148.6
4903726190,,,,,,,,6355.2,7338.3
4903726206,,,,,,,,,7101.0
4903726225,,2829.7,,3658.3,5070.0,5070.0,5323.7,6498.2,7811.5
4903726227,,2731.0,,3638.2,5942.0,5942.0,6876.4,8391.4,10104.4
4903726248,5302.6,,,5741.9,,,,,
4903726262,5348.3,6664.8,,7356.0,8541.9,8541.9,9077.4,9518.7,10127.0
4903726285,274.1,1160.0,,2045.2,4231.7,4231.7,4999.5,6597.0,7709.5
4903726330,7911.4,9157.2,,9604.5,10659.8,10659.8,11235.6,11582.3,12422.5
4903726349,1203.5,2177.0,,2777.7,4191.7,4191.7,5047.7,5767.3,6742.1
4903726357,8040.8,9201.1,,9635.3,10821.2,10821.2,,,
4903726387,931.5,1907.0,,2672.0,4437.3,4437.3,5307.9,6246.9,7140.4
4903726404,5489.1,6674.8,,7090.5,8235.3,8235.3,8964.4,9288.1,9901.4
4903726425,484.0,,,2097.2,,,,,
4903726441,3396.1,4151.2,,4881.1,6250.6,6250.6,7114.6,7540.2,8289.8
4903726453,1012.1,2580.7,,3218.8,4916.4,4916.4,5414.1,6492.3,7646.6
4903726474,2198.1,3145.5,,3766.9,5024.1,5024.1,5861.5,6488.9,7407.2
4903726496,,,,,4808.9,4808.9,5711.7,,7313.8
4903726509,1753.8,3018.1,,3454.1,5055.8,5055.8,5860.7,6452.9,7359.5
4903726554,5808.4,7120.1,,7821.8,8977.3,8977.3,9588.1,10221.3,10745.4
4903726555,4858.7,6012.4,,6711.4,7837.0,7837.0,8282.7,8943.6,9525.3
4903726593,8075.9,8935.4,,9200.9,10274.1,10274.1,10671.5,11048.6,11756.0
4903726616,5649.2,6920.1,,7431.2,8550.3,8550.3,9017.8,9833.3,10524.9
4903726617,,,,,8665.6,8665.6,9077.0,,
4903726632,,2771.6,,3810.1,,,,,
4903726646,,,,,,,,8018.4,10720.7
4903726678,,4911.3,,5566.6,7788.6,7788.6,,8791.7,11634.6
4903726691,1900.2,3803.9,,4462.0,6007.3,6007.3,6350.4,7238.6,9248.0
4903726702,877.4,2207.6,,2993.3,4786.2,4786.2,5444.0,6598.6,7674.0
4903726707,842.0,2236.8,,2828.9,4642.6,4642.6,5350.0,6540.8,7588.0
4903726737,,,,,5052.3,5052.3,5183.4,6344.4,8153.1
4903726740,1550.7,3185.6,,3999.6,5694.2,5694.2,6266.6,7310.9,9158.3
4903726764,836.4,2261.0,,2885.0,4576.4,4576.4,5236.6,6257.9,7293.6
4903726771,6229.0,7523.8,,7856.0,8786.7,8786.7,9340.6,9910.6,10543.0
4903726778,149.2,,,1026.7,1775.0,1775.7,2061.6,2404.7,2880.6
4903726781,621.9,1836.1,,1901.1,2978.3,2978.3,3255.4,3580.3,4073.7
4903726828,1841.9,3652.3,,4671.7,6107.9,6107.9,6167.9,7097.1,9042.5
4903726832,,,,,1565.5,1565.5,,2012.6,2822.8
4903726860,,,,,2919.4,2919.4,3037.8,3412.0,4118.8
4903726873,,,,,,,,,5226.6
4903726880,,,,3149.3,,,,,
4903726912,536.7,1690.8,,1960.7,3131.3,3131.3,3203.1,3760.6,4495.5
4903726979,1176.2,2095.5,,2898.7,4630.6,4630.6,5463.1,6151.9,7250.0
4903727004,,,,,,,,8420.8,9019.6
4903727005,,1974.3,,2760.7,4783.3,4783.3,5531.3,6615.9,8107.9
4903727032,,2647.5,,3408.3,5374.2,5374.2,5839.2,7261.8,8520.7
4903727074,2108.9,2968.6,,3677.9,5192.9,5192.9,5958.7,6750.6,7504.2
4903727076,2424.5,3249.0,,3913.2,5418.2,5418.2,6213.5,6880.6,7679.5
4903727124,1045.0,2005.7,,2873.0,4769.5,4769.5,5477.5,6508.3,7425.8
4903727164,,2189.9,,2715.2,4373.4,4373.4,4987.3,,6949.3
4903727192,1793.7,2858.4,,3655.8,5420.7,5420.7,6172.9,7012.0,7990.2
4903727195,,2001.3,,2761.5,4495.7,4495.7,5201.9,6019.0,7133.7
4903727239,4280.8,5446.5,,6062.5,7351.2,7351.2,8112.5,8719.8,9431.2
4903727248,,1941.5,,2756.0,4668.7,4668.7,5384.5,,7317.8
4903727286,1630.6,3558.3,,4487.0,5968.1,5968.1,6016.1,7163.4,8861.4
4903727382,,1978.3,,2791.6,4848.5,4848.5,5534.6,6707.3,8001.8
4903727386,,,,,,,,,
4903727550,7374.6,8210.2,,8491.1,,,,,
4903727673,859.9,2264.2,,2750.1,4772.2,4772.2,5556.1,6426.1,7858.4
4903727730,2076.4,2986.8,,3797.0,5108.9,5108.9,6000.4,6675.9,7706.9
4903727747,,,,,2495.3,2495.3,,,4073.7
4903727752,696.2,2297.5,,2819.6,4727.8,4727.8,5262.6,6227.8,7294.3
4903727770,7370.7,8581.1,,9037.5,,,,,
4903727864,971.0,2373.5,,2972.8,4876.6,4876.6,5449.6,6338.6,7500.0
4903727894,1062.2,2191.8,,3143.0,5178.7,5178.7,5881.9,6849.2,
4903727902,7416.9,8641.3,,9152.9,,,,,
4903727904,7945.9,9096.7,,9536.8,,,,,
4903727985,7668.0,8878.5,,9313.6,,,,,
4903727986,7579.7,8793.4,,9302.0,10351.3,10351.3,,,
4903728058,,,,,5130.8,5130.8,5625.3,6449.4,7378.8
4903728111,,2227.7,,,,,,6601.0,
4903728570,3888.1,4927.4,,5606.1,7047.0,7047.0,7695.7,8100.5,9029.5
4903728687,11682.2,13057.4,,13566.6,14888.0,14888.0,15342.4,,16256.5
4903728771,7991.6,9340.6,,9779.0,,,,,
4903728783,7605.1,,,,,,,,
4903729000,7369.7,8686.7,,9130.8,,,,,
4903729008,7865.5,9151.5,,9600.8,,,,,
4903729206,7858.5,9138.0,,9607.7,,,,,
4903760051,,,,,477.0,477.0,,720.5,1541.1
